{
    "device_type": "D435i",
    "imus": [
        {
            "accelerometer": {
                "bias": [
                    -0.09806582795208976,
                    0.08155807980125568,
                    0.24559363818267121
                ],
                "scale_and_alignment": [
                    1.007960838291824,
                    0.012558472395235087,
                    -0.03016156897555751,
                    -0.005597426526197721,
                    1.0105396041212549,
                    -0.035695945388457107,
                    0.0042984184171198855,
                    -0.00388779207061285,
                    1.007841246426512
                ]
            },
            "gyroscope": {
                "bias": [
                    -0.0008850178089938282,
                    -0.0018450371272244214,
                    -0.0008320755671796411
                ],
                "scale_and_alignment": [
                    1.0,
                    0.0,
                    0.0,
                    0.0,
                    1.0,
                    0.0,
                    0.0,
                    0.0,
                    1.0
                ]
            }
        }
    ]
}